what,kind,bundleId,bundleVersion,description,time
activated,workbench,org.eclipse.ui.workbench,3.6.2.M20110210-1200,"",1301830762951
started,bundle,org.eclipse.wst.xml.ui,1.1.103.v201101122108,"org.eclipse.wst.xml.ui",1301830796375
started,bundle,org.eclipse.wst.sse.ui,1.2.3.v201102102045,"org.eclipse.wst.sse.ui",1301830796495
started,bundle,org.eclipse.wst.common.uriresolver,1.1.401.v201004280700,"org.eclipse.wst.common.uriresolver",1301830796986
started,bundle,org.eclipse.wst.xsl.core,1.1.0.v201004290328,"org.eclipse.wst.xsl.core",1301830797187
started,bundle,org.eclipse.wst.xsl.exslt.core,1.0.0.v201005240426,"org.eclipse.wst.xsl.exslt.core",1301830797191
started,bundle,org.eclipse.jst.jsp.ui,1.1.503.v201101262228,"org.eclipse.jst.jsp.ui",1301830797331
started,bundle,org.eclipse.jst.jsp.core,1.2.304.v201102160550,"org.eclipse.jst.jsp.core",1301830797746
started,bundle,org.eclipse.wst.xsd.core,1.1.503.v201011121919,"org.eclipse.wst.xsd.core",1301830797861
started,bundle,org.eclipse.xsd,2.6.0.v20100914-1218,"org.eclipse.xsd",1301830797962
started,bundle,org.eclipse.wst.dtd.ui,1.0.500.v201004290328,"org.eclipse.wst.dtd.ui",1301830798057
started,bundle,org.eclipse.wst.internet.cache,1.0.400.v201004280700,"org.eclipse.wst.internet.cache",1301830798126
started,bundle,org.eclipse.wst.xsl.ui,1.1.1.v201009091745,"org.eclipse.wst.xsl.ui",1301830798266
opened,editor,org.eclipse.wst.xml.ui,1.1.103.v201101122108,"org.eclipse.wst.xml.ui.internal.tabletree.XMLMultiPageEditorPart",1301830798351
activated,editor,org.eclipse.wst.xml.ui,1.1.103.v201101122108,"org.eclipse.wst.xml.ui.internal.tabletree.XMLMultiPageEditorPart",1301830798461
started,bundle,org.eclipse.jem.workbench,2.0.300.v200910290230,"org.eclipse.jem.workbench",1301830799641
deactivated,workbench,org.eclipse.ui.workbench,3.6.2.M20110210-1200,"",1301830811116
activated,workbench,org.eclipse.ui.workbench,3.6.2.M20110210-1200,"",1301830837045
activated,view,org.eclipse.jdt.ui,3.6.2.r362_v20110203,"org.eclipse.jdt.ui.PackageExplorer",1301830837093
deactivated,workbench,org.eclipse.ui.workbench,3.6.2.M20110210-1200,"",1301830846514
activated,workbench,org.eclipse.ui.workbench,3.6.2.M20110210-1200,"",1301830852188
deactivated,workbench,org.eclipse.ui.workbench,3.6.2.M20110210-1200,"",1301830866183
activated,workbench,org.eclipse.ui.workbench,3.6.2.M20110210-1200,"",1301830889797
deactivated,workbench,org.eclipse.ui.workbench,3.6.2.M20110210-1200,"",1301830921027
activated,workbench,org.eclipse.ui.workbench,3.6.2.M20110210-1200,"",1301830921189
error,log,,,"Invalid ZIP archive: lexer/src/main/java/org/htmlparser/util/SimpleNodeIterator.java [in HTMLParser 2.0]",1301830922381
deactivated,workbench,org.eclipse.ui.workbench,3.6.2.M20110210-1200,"",1301830929785
activated,workbench,org.eclipse.ui.workbench,3.6.2.M20110210-1200,"",1301830929922
activated,editor,org.eclipse.jdt.ui,3.6.2.r362_v20110203,"org.eclipse.jdt.ui.CompilationUnitEditor",1301830939180
deactivated,workbench,org.eclipse.ui.workbench,3.6.2.M20110210-1200,"",1301830942624
activated,workbench,org.eclipse.ui.workbench,3.6.2.M20110210-1200,"",1301830942649
deactivated,workbench,org.eclipse.ui.workbench,3.6.2.M20110210-1200,"",1301830942699
activated,workbench,org.eclipse.ui.workbench,3.6.2.M20110210-1200,"",1301830944957
deactivated,workbench,org.eclipse.ui.workbench,3.6.2.M20110210-1200,"",1301830947665
activated,workbench,org.eclipse.ui.workbench,3.6.2.M20110210-1200,"",1301830950807
deactivated,workbench,org.eclipse.ui.workbench,3.6.2.M20110210-1200,"",1301830951040
activated,workbench,org.eclipse.ui.workbench,3.6.2.M20110210-1200,"",1301830953742
activated,view,org.eclipse.jdt.ui,3.6.2.r362_v20110203,"org.eclipse.jdt.ui.PackageExplorer",1301830956423
deactivated,workbench,org.eclipse.ui.workbench,3.6.2.M20110210-1200,"",1301830962601
activated,workbench,org.eclipse.ui.workbench,3.6.2.M20110210-1200,"",1301830962772
activated,editor,org.eclipse.jdt.ui,3.6.2.r362_v20110203,"org.eclipse.jdt.ui.CompilationUnitEditor",1301830963884
deactivated,workbench,org.eclipse.ui.workbench,3.6.2.M20110210-1200,"",1301830967113
activated,workbench,org.eclipse.ui.workbench,3.6.2.M20110210-1200,"",1301830967216
deactivated,workbench,org.eclipse.ui.workbench,3.6.2.M20110210-1200,"",1301830967281
activated,workbench,org.eclipse.ui.workbench,3.6.2.M20110210-1200,"",1301830974857
deactivated,workbench,org.eclipse.ui.workbench,3.6.2.M20110210-1200,"",1301830985211
executed,command,org.eclipse.ui.workbench.texteditor,3.6.1.r361_v20100714-0800,"org.eclipse.ui.edit.text.showInformation",1301830985224
activated,workbench,org.eclipse.ui.workbench,3.6.2.M20110210-1200,"",1301830993284
deactivated,workbench,org.eclipse.ui.workbench,3.6.2.M20110210-1200,"",1301830993336
activated,workbench,org.eclipse.ui.workbench,3.6.2.M20110210-1200,"",1301830995566
deactivated,workbench,org.eclipse.ui.workbench,3.6.2.M20110210-1200,"",1301830996296
activated,workbench,org.eclipse.ui.workbench,3.6.2.M20110210-1200,"",1301831110145
activated,view,org.eclipse.jdt.ui,3.6.2.r362_v20110203,"org.eclipse.jdt.ui.PackageExplorer",1301831113530
started,bundle,org.eclipse.wst.xsl.debug.ui,1.0.101.v201102111830,"org.eclipse.wst.xsl.debug.ui",1301831127616
deactivated,workbench,org.eclipse.ui.workbench,3.6.2.M20110210-1200,"",1301831130557
started,bundle,org.eclipse.wst.jsdt.manipulation,1.0.200.v201004150600,"org.eclipse.wst.jsdt.manipulation",1301831132793
started,bundle,org.eclipse.wst.jsdt.core,1.1.4.v201102102045,"org.eclipse.wst.jsdt.core",1301831133396
started,bundle,org.eclipse.wst.jsdt.ui,1.1.4.v201102160540,"org.eclipse.wst.jsdt.ui",1301831133493
closed,editor,org.eclipse.jdt.ui,3.6.2.r362_v20110203,"org.eclipse.jdt.ui.CompilationUnitEditor",1301831134327
closed,editor,org.eclipse.wst.xml.ui,1.1.103.v201101122108,"org.eclipse.wst.xml.ui.internal.tabletree.XMLMultiPageEditorPart",1301831134447
activated,workbench,org.eclipse.ui.workbench,3.6.2.M20110210-1200,"",1301831134509
executed,command,org.eclipse.ltk.ui.refactoring,3.5.0.v20100526-0800,"org.eclipse.ltk.ui.refactoring.commands.deleteResources",1301831134546
executed,command,org.eclipse.ui,3.6.2.M20110203-1100,"org.eclipse.ui.edit.delete",1301831134546
deactivated,workbench,org.eclipse.ui.workbench,3.6.2.M20110210-1200,"",1301831703442
activated,workbench,org.eclipse.ui.workbench,3.6.2.M20110210-1200,"",1301831728191
executed,command,org.eclipse.ui,3.6.2.M20110203-1100,"org.eclipse.ui.file.import",1301831728208
executed,command,org.eclipse.ui,3.6.2.M20110203-1100,"org.eclipse.ui.file.import",1301831728208
deactivated,workbench,org.eclipse.ui.workbench,3.6.2.M20110210-1200,"",1301831735578
activated,workbench,org.eclipse.ui.workbench,3.6.2.M20110210-1200,"",1301831769520
executed,command,org.eclipse.ui,3.6.2.M20110203-1100,"org.eclipse.ui.file.import",1301831769554
executed,command,org.eclipse.ui,3.6.2.M20110203-1100,"org.eclipse.ui.file.import",1301831769554
deactivated,workbench,org.eclipse.ui.workbench,3.6.2.M20110210-1200,"",1301831776035
activated,workbench,org.eclipse.ui.workbench,3.6.2.M20110210-1200,"",1301831780668
deactivated,workbench,org.eclipse.ui.workbench,3.6.2.M20110210-1200,"",1301831784075
activated,workbench,org.eclipse.ui.workbench,3.6.2.M20110210-1200,"",1301831812954
executed,command,org.eclipse.ui,3.6.2.M20110203-1100,"org.eclipse.ui.file.refresh",1301831815291
deactivated,workbench,org.eclipse.ui.workbench,3.6.2.M20110210-1200,"",1301831825458
activated,workbench,org.eclipse.ui.workbench,3.6.2.M20110210-1200,"",1301831825602
deactivated,workbench,org.eclipse.ui.workbench,3.6.2.M20110210-1200,"",1301831831465
activated,workbench,org.eclipse.ui.workbench,3.6.2.M20110210-1200,"",1301831831603
deactivated,workbench,org.eclipse.ui.workbench,3.6.2.M20110210-1200,"",1301831838990
activated,workbench,org.eclipse.ui.workbench,3.6.2.M20110210-1200,"",1301831839127
deactivated,workbench,org.eclipse.ui.workbench,3.6.2.M20110210-1200,"",1301831844397
activated,workbench,org.eclipse.ui.workbench,3.6.2.M20110210-1200,"",1301831844538
deactivated,workbench,org.eclipse.ui.workbench,3.6.2.M20110210-1200,"",1301831848147
activated,workbench,org.eclipse.ui.workbench,3.6.2.M20110210-1200,"",1301831848292
deactivated,workbench,org.eclipse.ui.workbench,3.6.2.M20110210-1200,"",1301831858794
activated,workbench,org.eclipse.ui.workbench,3.6.2.M20110210-1200,"",1301831942800
deactivated,workbench,org.eclipse.ui.workbench,3.6.2.M20110210-1200,"",1301831948878
activated,workbench,org.eclipse.ui.workbench,3.6.2.M20110210-1200,"",1301831956006
executed,command,org.eclipse.ui.ide,3.6.2.M20101201-0800,"org.eclipse.ui.project.cleanAction",1301831956028
deactivated,workbench,org.eclipse.ui.workbench,3.6.2.M20110210-1200,"",1301831956627
activated,workbench,org.eclipse.ui.workbench,3.6.2.M20110210-1200,"",1301831967682
deactivated,workbench,org.eclipse.ui.workbench,3.6.2.M20110210-1200,"",1301831968014
started,bundle,org.tigris.subversion.clientadapter.javahl,1.6.15,"org.tigris.subversion.clientadapter.javahl",1301831968204
started,bundle,org.tigris.subversion.clientadapter.svnkit,1.6.15,"org.tigris.subversion.clientadapter.svnkit",1301831968205
activated,workbench,org.eclipse.ui.workbench,3.6.2.M20110210-1200,"",1301831968936
opened,editor,org.eclipse.jdt.ui,3.6.2.r362_v20110203,"org.eclipse.jdt.ui.CompilationUnitEditor",1301832000629
activated,editor,org.eclipse.jdt.ui,3.6.2.r362_v20110203,"org.eclipse.jdt.ui.CompilationUnitEditor",1301832000698
activated,view,org.eclipse.jdt.ui,3.6.2.r362_v20110203,"org.eclipse.jdt.ui.PackageExplorer",1301832023008
deactivated,workbench,org.eclipse.ui.workbench,3.6.2.M20110210-1200,"",1301832034643
activated,workbench,org.eclipse.ui.workbench,3.6.2.M20110210-1200,"",1301832034747
deactivated,workbench,org.eclipse.ui.workbench,3.6.2.M20110210-1200,"",1301832039457
activated,workbench,org.eclipse.ui.workbench,3.6.2.M20110210-1200,"",1301832039581
deactivated,workbench,org.eclipse.ui.workbench,3.6.2.M20110210-1200,"",1301832042777
activated,workbench,org.eclipse.ui.workbench,3.6.2.M20110210-1200,"",1301832042872
deactivated,workbench,org.eclipse.ui.workbench,3.6.2.M20110210-1200,"",1301832045789
activated,workbench,org.eclipse.ui.workbench,3.6.2.M20110210-1200,"",1301832045885
deactivated,workbench,org.eclipse.ui.workbench,3.6.2.M20110210-1200,"",1301832053579
activated,workbench,org.eclipse.ui.workbench,3.6.2.M20110210-1200,"",1301832053684
opened,editor,org.eclipse.wst.xml.ui,1.1.103.v201101122108,"org.eclipse.wst.xml.ui.internal.tabletree.XMLMultiPageEditorPart",1301832061071
activated,editor,org.eclipse.wst.xml.ui,1.1.103.v201101122108,"org.eclipse.wst.xml.ui.internal.tabletree.XMLMultiPageEditorPart",1301832061166
activated,view,org.eclipse.jdt.ui,3.6.2.r362_v20110203,"org.eclipse.jdt.ui.PackageExplorer",1301832062481
started,bundle,org.eclipse.wst.xsl.launching,1.0.100.v201004290328,"org.eclipse.wst.xsl.launching",1301832065583
executed,command,,,"org.eclipse.wst.xsl.debug.ui.launchshortcut.run",1301832065631
started,bundle,org.eclipse.wst.xsl.jaxp.launching,1.0.100.v201004290328,"org.eclipse.wst.xsl.jaxp.launching",1301832065670
opened,editor,org.eclipse.wst.xml.ui,1.1.103.v201101122108,"org.eclipse.wst.xml.ui.internal.tabletree.XMLMultiPageEditorPart",1301832067595
activated,editor,org.eclipse.wst.xml.ui,1.1.103.v201101122108,"org.eclipse.wst.xml.ui.internal.tabletree.XMLMultiPageEditorPart",1301832067659
activated,editor,org.eclipse.wst.xml.ui,1.1.103.v201101122108,"org.eclipse.wst.xml.ui.internal.tabletree.XMLMultiPageEditorPart",1301832074263
closed,editor,org.eclipse.wst.xml.ui,1.1.103.v201101122108,"org.eclipse.wst.xml.ui.internal.tabletree.XMLMultiPageEditorPart",1301832074263
activated,view,org.eclipse.jdt.ui,3.6.2.r362_v20110203,"org.eclipse.jdt.ui.PackageExplorer",1301832080666
opened,editor,org.eclipse.wst.xml.ui,1.1.103.v201101122108,"org.eclipse.wst.xml.ui.internal.tabletree.XMLMultiPageEditorPart",1301832088784
activated,editor,org.eclipse.wst.xml.ui,1.1.103.v201101122108,"org.eclipse.wst.xml.ui.internal.tabletree.XMLMultiPageEditorPart",1301832088854
activated,view,org.eclipse.jdt.ui,3.6.2.r362_v20110203,"org.eclipse.jdt.ui.PackageExplorer",1301832097727
deactivated,workbench,org.eclipse.ui.workbench,3.6.2.M20110210-1200,"",1301832099191
activated,workbench,org.eclipse.ui.workbench,3.6.2.M20110210-1200,"",1301832165877
deactivated,workbench,org.eclipse.ui.workbench,3.6.2.M20110210-1200,"",1301832167927
activated,workbench,org.eclipse.ui.workbench,3.6.2.M20110210-1200,"",1301832403822
activated,editor,org.eclipse.wst.xml.ui,1.1.103.v201101122108,"org.eclipse.wst.xml.ui.internal.tabletree.XMLMultiPageEditorPart",1301832406102
deactivated,workbench,org.eclipse.ui.workbench,3.6.2.M20110210-1200,"",1301832452362
activated,workbench,org.eclipse.ui.workbench,3.6.2.M20110210-1200,"",1301832455971
deactivated,workbench,org.eclipse.ui.workbench,3.6.2.M20110210-1200,"",1301832458048
activated,workbench,org.eclipse.ui.workbench,3.6.2.M20110210-1200,"",1301832554133
activated,view,org.eclipse.jdt.ui,3.6.2.r362_v20110203,"org.eclipse.jdt.ui.PackageExplorer",1301832557915
deactivated,workbench,org.eclipse.ui.workbench,3.6.2.M20110210-1200,"",1301832565889
closed,editor,org.eclipse.jdt.ui,3.6.2.r362_v20110203,"org.eclipse.jdt.ui.CompilationUnitEditor",1301832567431
closed,editor,org.eclipse.wst.xml.ui,1.1.103.v201101122108,"org.eclipse.wst.xml.ui.internal.tabletree.XMLMultiPageEditorPart",1301832567471
closed,editor,org.eclipse.wst.xml.ui,1.1.103.v201101122108,"org.eclipse.wst.xml.ui.internal.tabletree.XMLMultiPageEditorPart",1301832567560
activated,workbench,org.eclipse.ui.workbench,3.6.2.M20110210-1200,"",1301832567634
executed,command,org.eclipse.ltk.ui.refactoring,3.5.0.v20100526-0800,"org.eclipse.ltk.ui.refactoring.commands.deleteResources",1301832567666
executed,command,org.eclipse.ui,3.6.2.M20110203-1100,"org.eclipse.ui.edit.delete",1301832567666
deactivated,workbench,org.eclipse.ui.workbench,3.6.2.M20110210-1200,"",1301832568236
activated,workbench,org.eclipse.ui.workbench,3.6.2.M20110210-1200,"",1301832606330
deactivated,workbench,org.eclipse.ui.workbench,3.6.2.M20110210-1200,"",1301832609964
activated,workbench,org.eclipse.ui.workbench,3.6.2.M20110210-1200,"",1301832616898
deactivated,workbench,org.eclipse.ui.workbench,3.6.2.M20110210-1200,"",1301832618200
activated,workbench,org.eclipse.ui.workbench,3.6.2.M20110210-1200,"",1301832676691
executed,command,org.eclipse.ui,3.6.2.M20110203-1100,"org.eclipse.ui.file.refresh",1301832678182
deactivated,workbench,org.eclipse.ui.workbench,3.6.2.M20110210-1200,"",1301832699432
activated,workbench,org.eclipse.ui.workbench,3.6.2.M20110210-1200,"",1301832703180
opened,editor,org.eclipse.jdt.ui,3.6.2.r362_v20110203,"org.eclipse.jdt.ui.CompilationUnitEditor",1301832708601
activated,editor,org.eclipse.jdt.ui,3.6.2.r362_v20110203,"org.eclipse.jdt.ui.CompilationUnitEditor",1301832708676
activated,view,org.eclipse.jdt.ui,3.6.2.r362_v20110203,"org.eclipse.jdt.ui.PackageExplorer",1301832712374
opened,editor,org.eclipse.jdt.ui,3.6.2.r362_v20110203,"org.eclipse.jdt.ui.CompilationUnitEditor",1301832713476
activated,editor,org.eclipse.jdt.ui,3.6.2.r362_v20110203,"org.eclipse.jdt.ui.CompilationUnitEditor",1301832713560
activated,view,org.eclipse.jdt.ui,3.6.2.r362_v20110203,"org.eclipse.jdt.ui.PackageExplorer",1301832723888
deactivated,workbench,org.eclipse.ui.workbench,3.6.2.M20110210-1200,"",1301832736309
activated,workbench,org.eclipse.ui.workbench,3.6.2.M20110210-1200,"",1301832775672
executed,command,org.eclipse.ui,3.6.2.M20110203-1100,"org.eclipse.ui.file.refresh",1301832776787
closed,editor,org.eclipse.jdt.ui,3.6.2.r362_v20110203,"org.eclipse.jdt.ui.CompilationUnitEditor",1301832777245
closed,editor,org.eclipse.jdt.ui,3.6.2.r362_v20110203,"org.eclipse.jdt.ui.CompilationUnitEditor",1301832777280
deactivated,workbench,org.eclipse.ui.workbench,3.6.2.M20110210-1200,"",1301832781122
activated,workbench,org.eclipse.ui.workbench,3.6.2.M20110210-1200,"",1301832876296
executed,command,org.eclipse.ui,3.6.2.M20110203-1100,"org.eclipse.ui.file.refresh",1301832877938
opened,editor,org.eclipse.jdt.ui,3.6.2.r362_v20110203,"org.eclipse.jdt.ui.CompilationUnitEditor",1301832889081
activated,editor,org.eclipse.jdt.ui,3.6.2.r362_v20110203,"org.eclipse.jdt.ui.CompilationUnitEditor",1301832889151
activated,view,org.eclipse.jdt.ui,3.6.2.r362_v20110203,"org.eclipse.jdt.ui.PackageExplorer",1301832893891
opened,editor,org.eclipse.jdt.ui,3.6.2.r362_v20110203,"org.eclipse.jdt.ui.CompilationUnitEditor",1301832895254
activated,editor,org.eclipse.jdt.ui,3.6.2.r362_v20110203,"org.eclipse.jdt.ui.CompilationUnitEditor",1301832895327
activated,view,org.eclipse.jdt.ui,3.6.2.r362_v20110203,"org.eclipse.jdt.ui.PackageExplorer",1301832921356
deactivated,workbench,org.eclipse.ui.workbench,3.6.2.M20110210-1200,"",1301832925959
activated,workbench,org.eclipse.ui.workbench,3.6.2.M20110210-1200,"",1301832926045
deactivated,workbench,org.eclipse.ui.workbench,3.6.2.M20110210-1200,"",1301832958618
activated,workbench,org.eclipse.ui.workbench,3.6.2.M20110210-1200,"",1301832958857
opened,editor,org.eclipse.jdt.ui,3.6.2.r362_v20110203,"org.eclipse.jdt.ui.CompilationUnitEditor",1301832969838
activated,editor,org.eclipse.jdt.ui,3.6.2.r362_v20110203,"org.eclipse.jdt.ui.CompilationUnitEditor",1301832969907
deactivated,workbench,org.eclipse.ui.workbench,3.6.2.M20110210-1200,"",1301832975333
activated,workbench,org.eclipse.ui.workbench,3.6.2.M20110210-1200,"",1301832975422
deactivated,workbench,org.eclipse.ui.workbench,3.6.2.M20110210-1200,"",1301832975494
activated,workbench,org.eclipse.ui.workbench,3.6.2.M20110210-1200,"",1301832976510
deactivated,workbench,org.eclipse.ui.workbench,3.6.2.M20110210-1200,"",1301832978577
activated,workbench,org.eclipse.ui.workbench,3.6.2.M20110210-1200,"",1301832978680
executed,command,org.eclipse.ui,3.6.2.M20110203-1100,"org.eclipse.ui.edit.undo",1301832988659
started,bundle,org.eclipse.mylyn.java.tasks,3.4.0.v20100608-0100-e3x,"org.eclipse.mylyn.java.tasks",1301832989926
activated,view,org.eclipse.jdt.ui,3.6.2.r362_v20110203,"org.eclipse.jdt.ui.PackageExplorer",1301832993899
deactivated,workbench,org.eclipse.ui.workbench,3.6.2.M20110210-1200,"",1301833005646
activated,workbench,org.eclipse.ui.workbench,3.6.2.M20110210-1200,"",1301833011415
deactivated,workbench,org.eclipse.ui.workbench,3.6.2.M20110210-1200,"",1301833021164
activated,workbench,org.eclipse.ui.workbench,3.6.2.M20110210-1200,"",1301833041444
executed,command,org.eclipse.ui,3.6.2.M20110203-1100,"org.eclipse.ui.file.refresh",1301833042916
deactivated,workbench,org.eclipse.ui.workbench,3.6.2.M20110210-1200,"",1301833051606
activated,workbench,org.eclipse.ui.workbench,3.6.2.M20110210-1200,"",1301833052705
executed,command,org.eclipse.ui,3.6.2.M20110203-1100,"org.eclipse.ui.edit.delete",1301833052722
opened,editor,org.eclipse.jdt.ui,3.6.2.r362_v20110203,"org.eclipse.jdt.ui.CompilationUnitEditor",1301833056237
activated,editor,org.eclipse.jdt.ui,3.6.2.r362_v20110203,"org.eclipse.jdt.ui.CompilationUnitEditor",1301833056304
activated,view,org.eclipse.jdt.ui,3.6.2.r362_v20110203,"org.eclipse.jdt.ui.PackageExplorer",1301833070931
deactivated,workbench,org.eclipse.ui.workbench,3.6.2.M20110210-1200,"",1301833083047
activated,workbench,org.eclipse.ui.workbench,3.6.2.M20110210-1200,"",1301833102634
executed,command,org.eclipse.ui,3.6.2.M20110203-1100,"org.eclipse.ui.file.refresh",1301833104448
opened,editor,org.eclipse.jdt.ui,3.6.2.r362_v20110203,"org.eclipse.jdt.ui.CompilationUnitEditor",1301833113292
activated,editor,org.eclipse.jdt.ui,3.6.2.r362_v20110203,"org.eclipse.jdt.ui.CompilationUnitEditor",1301833113369
activated,view,org.eclipse.jdt.ui,3.6.2.r362_v20110203,"org.eclipse.jdt.ui.PackageExplorer",1301833126746
executed,command,org.eclipse.jdt.junit,3.6.1.r361_v20100825-0800,"org.eclipse.jdt.junit.junitShortcut.run",1301833132164
deactivated,workbench,org.eclipse.ui.workbench,3.6.2.M20110210-1200,"",1301833132455
activated,workbench,org.eclipse.ui.workbench,3.6.2.M20110210-1200,"",1301833133979
opened,view,org.eclipse.jdt.junit,3.6.1.r361_v20100825-0800,"org.eclipse.jdt.junit.ResultView",1301833134681
activated,view,org.eclipse.jdt.junit,3.6.1.r361_v20100825-0800,"org.eclipse.jdt.junit.ResultView",1301833134786
opened,editor,org.eclipse.jdt.ui,3.6.2.r362_v20110203,"org.eclipse.jdt.ui.CompilationUnitEditor",1301833162877
activated,editor,org.eclipse.jdt.ui,3.6.2.r362_v20110203,"org.eclipse.jdt.ui.CompilationUnitEditor",1301833162947
activated,view,org.eclipse.jdt.junit,3.6.1.r361_v20100825-0800,"org.eclipse.jdt.junit.ResultView",1301833169758
deactivated,workbench,org.eclipse.ui.workbench,3.6.2.M20110210-1200,"",1301833169912
activated,workbench,org.eclipse.ui.workbench,3.6.2.M20110210-1200,"",1301833171616
activated,view,org.eclipse.jdt.ui,3.6.2.r362_v20110203,"org.eclipse.jdt.ui.PackageExplorer",1301833174353
opened,editor,org.eclipse.jdt.ui,3.6.2.r362_v20110203,"org.eclipse.jdt.ui.CompilationUnitEditor",1301833179644
activated,editor,org.eclipse.jdt.ui,3.6.2.r362_v20110203,"org.eclipse.jdt.ui.CompilationUnitEditor",1301833179727
activated,view,org.eclipse.jdt.ui,3.6.2.r362_v20110203,"org.eclipse.jdt.ui.PackageExplorer",1301833187184
deactivated,workbench,org.eclipse.ui.workbench,3.6.2.M20110210-1200,"",1301833194697
activated,workbench,org.eclipse.ui.workbench,3.6.2.M20110210-1200,"",1301833194793
error,log,,,"Invalid ZIP archive: src/org/htmlparser/util/SimpleNodeIterator.java [in HTMLParser]",1301833195682
error,log,,,"An internal error occurred during: ""Compute launch button tooltip"".",1301833197829
deactivated,workbench,org.eclipse.ui.workbench,3.6.2.M20110210-1200,"",1301833197907
activated,workbench,org.eclipse.ui.workbench,3.6.2.M20110210-1200,"",1301833199517
activated,view,org.eclipse.jdt.junit,3.6.1.r361_v20100825-0800,"org.eclipse.jdt.junit.ResultView",1301833200467
activated,view,org.eclipse.jdt.ui,3.6.2.r362_v20110203,"org.eclipse.jdt.ui.PackageExplorer",1301833203180
error,log,,,"An internal error occurred during: ""Compute launch button tooltip"".",1301833203540
deactivated,workbench,org.eclipse.ui.workbench,3.6.2.M20110210-1200,"",1301833203560
activated,workbench,org.eclipse.ui.workbench,3.6.2.M20110210-1200,"",1301833204980
deactivated,workbench,org.eclipse.ui.workbench,3.6.2.M20110210-1200,"",1301833209114
activated,workbench,org.eclipse.ui.workbench,3.6.2.M20110210-1200,"",1301833211964
executed,command,org.eclipse.ui.ide,3.6.2.M20101201-0800,"org.eclipse.ui.project.cleanAction",1301833211976
activated,editor,org.eclipse.jdt.ui,3.6.2.r362_v20110203,"org.eclipse.jdt.ui.CompilationUnitEditor",1301833216008
activated,view,org.eclipse.jdt.ui,3.6.2.r362_v20110203,"org.eclipse.jdt.ui.PackageExplorer",1301833226086
closed,editor,org.eclipse.jdt.ui,3.6.2.r362_v20110203,"org.eclipse.jdt.ui.CompilationUnitEditor",1301833226086
closed,editor,org.eclipse.jdt.ui,3.6.2.r362_v20110203,"org.eclipse.jdt.ui.CompilationUnitEditor",1301833226132
closed,editor,org.eclipse.jdt.ui,3.6.2.r362_v20110203,"org.eclipse.jdt.ui.CompilationUnitEditor",1301833226150
closed,editor,org.eclipse.jdt.ui,3.6.2.r362_v20110203,"org.eclipse.jdt.ui.CompilationUnitEditor",1301833226162
closed,editor,org.eclipse.jdt.ui,3.6.2.r362_v20110203,"org.eclipse.jdt.ui.CompilationUnitEditor",1301833226221
closed,editor,org.eclipse.jdt.ui,3.6.2.r362_v20110203,"org.eclipse.jdt.ui.CompilationUnitEditor",1301833226232
closed,editor,org.eclipse.jdt.ui,3.6.2.r362_v20110203,"org.eclipse.jdt.ui.CompilationUnitEditor",1301833226243
closed,editor,org.eclipse.jdt.ui,3.6.2.r362_v20110203,"org.eclipse.jdt.ui.CompilationUnitEditor",1301833226254
opened,editor,org.eclipse.jdt.ui,3.6.2.r362_v20110203,"org.eclipse.jdt.ui.CompilationUnitEditor",1301833227747
activated,editor,org.eclipse.jdt.ui,3.6.2.r362_v20110203,"org.eclipse.jdt.ui.CompilationUnitEditor",1301833227767
deactivated,workbench,org.eclipse.ui.workbench,3.6.2.M20110210-1200,"",1301833232645
activated,workbench,org.eclipse.ui.workbench,3.6.2.M20110210-1200,"",1301833232755
deactivated,workbench,org.eclipse.ui.workbench,3.6.2.M20110210-1200,"",1301833233383
activated,workbench,org.eclipse.ui.workbench,3.6.2.M20110210-1200,"",1301833234364
activated,view,org.eclipse.jdt.ui,3.6.2.r362_v20110203,"org.eclipse.jdt.ui.PackageExplorer",1301833236037
deactivated,workbench,org.eclipse.ui.workbench,3.6.2.M20110210-1200,"",1301833249018
activated,workbench,org.eclipse.ui.workbench,3.6.2.M20110210-1200,"",1301833256951
executed,command,org.eclipse.ui,3.6.2.M20110203-1100,"org.eclipse.ui.file.refresh",1301833258102
deactivated,workbench,org.eclipse.ui.workbench,3.6.2.M20110210-1200,"",1301833265227
activated,workbench,org.eclipse.ui.workbench,3.6.2.M20110210-1200,"",1301833275989
deactivated,workbench,org.eclipse.ui.workbench,3.6.2.M20110210-1200,"",1301833276857
activated,workbench,org.eclipse.ui.workbench,3.6.2.M20110210-1200,"",1301833276990
error,log,,,"Invalid ZIP archive: src/org/htmlparser/util/SimpleNodeIterator.java [in HTMLParser]",1301833277771
deactivated,workbench,org.eclipse.ui.workbench,3.6.2.M20110210-1200,"",1301833287232
activated,workbench,org.eclipse.ui.workbench,3.6.2.M20110210-1200,"",1301833288690
executed,command,org.eclipse.ui.ide,3.6.2.M20101201-0800,"org.eclipse.ui.project.cleanAction",1301833288701
executed,command,org.eclipse.jdt.junit,3.6.1.r361_v20100825-0800,"org.eclipse.jdt.junit.junitShortcut.run",1301833298027
activated,view,org.eclipse.jdt.junit,3.6.1.r361_v20100825-0800,"org.eclipse.jdt.junit.ResultView",1301833298813
opened,editor,org.eclipse.jdt.ui,3.6.2.r362_v20110203,"org.eclipse.jdt.ui.CompilationUnitEditor",1301833314346
activated,editor,org.eclipse.jdt.ui,3.6.2.r362_v20110203,"org.eclipse.jdt.ui.CompilationUnitEditor",1301833314419
error,log,,,"Invalid ZIP archive: src/org/htmlparser/util/SimpleNodeIterator.java [in HTMLParser]",1301833329787
deactivated,workbench,org.eclipse.ui.workbench,3.6.2.M20110210-1200,"",1301833333395
activated,workbench,org.eclipse.ui.workbench,3.6.2.M20110210-1200,"",1301833389927
activated,view,org.eclipse.jdt.junit,3.6.1.r361_v20100825-0800,"org.eclipse.jdt.junit.ResultView",1301833392216
activated,editor,org.eclipse.jdt.ui,3.6.2.r362_v20110203,"org.eclipse.jdt.ui.CompilationUnitEditor",1301833392401
activated,view,org.eclipse.jdt.junit,3.6.1.r361_v20100825-0800,"org.eclipse.jdt.junit.ResultView",1301833417680
activated,view,org.eclipse.jdt.ui,3.6.2.r362_v20110203,"org.eclipse.jdt.ui.PackageExplorer",1301833425605
activated,editor,org.eclipse.jdt.ui,3.6.2.r362_v20110203,"org.eclipse.jdt.ui.CompilationUnitEditor",1301833429812
executed,command,org.eclipse.ui,3.6.2.M20110203-1100,"org.eclipse.ui.file.save",1301833441464
activated,view,org.eclipse.jdt.junit,3.6.1.r361_v20100825-0800,"org.eclipse.jdt.junit.ResultView",1301833443159
executed,command,org.eclipse.jdt.junit,3.6.1.r361_v20100825-0800,"org.eclipse.jdt.junit.junitShortcut.rerunLast",1301833443948
deactivated,workbench,org.eclipse.ui.workbench,3.6.2.M20110210-1200,"",1301833513501
activated,workbench,org.eclipse.ui.workbench,3.6.2.M20110210-1200,"",1301833523503
